{
    "data": {
        "has_more": "1",
        "video_list": [{
            "thread_id": "5912421630",
            "post_id": "122409826204",
            "video_log_id": "2643938720181008",
            "video_url": "http://video.cdn.ypypay.com/lst-P4o5yqaCYBzse5fUeM3cJu6A",
            "video_width": "540",
            "video_height": "960",
            "video_length": "3290315",
            "video_duration": "10",
            "video_md5": "6bc792bc7722346efa5c978ff00f4883",
            "thumbnail_url": "http:\/\/imgsrc.baidu.com\/forum\/pic\/item\/ab18972bd40735fa133e9ac093510fb30e2408f9.jpg",
            "thumbnail_width": "540.000000",
            "thumbnail_height": "960.000000",
            "first_frame_cover": "http:\/\/imgsrc.baidu.com\/forum\/pic\/item\/ab18972bd40735fa133e9ac093510fb30e2408f9.jpg",
            "tags": "\u6076\u641e\u7537\u751f,\u6050\u6016\u7bb1,\u8da3\u5473",
            "title": "\u628a\u8fd9\u8001\u54e5\u5413\u574f\u4e86",
            "is_deleted": "0",
            "is_private": "0",
            "share_num": "14",
            "comment_num": "1",
            "play_count": "18467",
            "agreed_num": "54",
            "agree_num": "54",
            "create_time": "1539414109",
            "gif_cover": "http:\/\/imgsrc.baidu.com\/forum\/pic\/item\/95cad1c8a786c917b19d8640c43d70cf3bc75729.jpg",
            "watermark": {
                "video_url": "http:\/\/tb-video.bdstatic.com\/tieba-smallvideo-transcode\/3292329_3c2b6b6521fb6ac4c111aaacc232bcf3_0.mp4",
                "video_width": "540",
                "video_height": "960",
                "video_length": "3292329"
            },
            "need_hide_title": "0",
            "is_agreed": "0",
            "other": {
                "forum_id": "0",
                "recom_source": "140043",
                "recom_weight": "0;0.4935;0;0",
                "recom_extra": "0.4935;0;0",
                "ab_tag": "normal"
            },
            "author": {
                "user_id": "3683216218",
                "user_name": "\u82e6\u74dc\u4e0a\u706b",
                "name_show": "\u82e6\u74dc\u4e0a\u706b",
                "portrait": "5a6be88ba6e7939ce4b88ae781ab89db?t=1544373377",
                "is_follow": "0",
                "gender": "1",
                "intro": "\u7b7e\u540d\u662f\u4e00\u79cd\u6001\u5ea6 \u6211\u60f3\u6211\u53ef\u4ee5\u66f4\u9177",
                "follow_num": "0",
                "fans_num": "284"
            }
        }, {
            "thread_id": "5915583856",
            "post_id": "122450001161",
            "video_log_id": "2670637220181015",
            "video_url": "http://video.cdn.ypypay.com/lpqA_UjJz9BBK-hnsQhjzqdNEopZ",
            "video_width": "540",
            "video_height": "960",
            "video_length": "3581842",
            "video_duration": "9",
            "video_md5": "6d7741d73a99534b89bc49c9062ff83d",
            "thumbnail_url": "http:\/\/imgsrc.baidu.com\/forum\/pic\/item\/f8198618367adab4ecca723e86d4b31c8701e4b1.jpg",
            "thumbnail_width": "540.000000",
            "thumbnail_height": "960.000000",
            "first_frame_cover": "http:\/\/imgsrc.baidu.com\/forum\/pic\/item\/f8198618367adab4ecca723e86d4b31c8701e4b1.jpg",
            "tags": "\u524a\u67ff\u5b50,\u751f\u6d3b\u8da3\u4e8b,\u60ca\u5947",
            "title": "\u8fd9\u4e2a\u662f\u8981\u5e72\u561b",
            "is_deleted": "0",
            "is_private": "0",
            "share_num": "203",
            "comment_num": "137",
            "play_count": "467605",
            "agreed_num": "1163",
            "agree_num": "1163",
            "create_time": "1539664033",
            "gif_cover": "http:\/\/imgsrc.baidu.com\/forum\/pic\/item\/252dd42a2834349bef6b07f8c4ea15ce36d3be5a.jpg",
            "watermark": {
                "video_url": "http:\/\/tb-video.bdstatic.com\/tieba-smallvideo-transcode\/3583374_31cf76f84ff783eec9502ebe65afb5d2_0.mp4",
                "video_width": "540",
                "video_height": "960",
                "video_length": "3583374"
            },
            "act_info": {
                "club_id": "102191",
                "club_name": "\u641e\u7b11\u754c"
            },
            "club_info": {
                "club_id": "102191",
                "club_name": "\u641e\u7b11\u754c"
            },
            "need_hide_title": "0",
            "is_agreed": "0",
            "other": {
                "forum_id": "0",
                "recom_source": "140040",
                "recom_weight": "0;0.4929;0;0",
                "recom_extra": "0.4929;0;0",
                "ab_tag": "normal"
            },
            "author": {
                "user_id": "3683899695",
                "user_name": "\u4e0d\u662f\u4f60\u7a7f\u7684\u8d77\u7684",
                "name_show": "\u4e0d\u662f\u4f60\u7a7f\u7684\u8d77\u7684",
                "portrait": "2fd9e4b88de698afe4bda0e7a9bfe79a84e8b5b7e79a8493db?t=1544024789",
                "is_follow": "0",
                "gender": "0",
                "intro": "\u7b7e\u540d\u662f\u4e00\u79cd\u6001\u5ea6 \u6211\u60f3\u6211\u53ef\u4ee5\u66f4\u9177",
                "follow_num": "0",
                "fans_num": "395"
            }
        }, {
            "thread_id": "5884458149",
            "post_id": "122040610449",
            "video_log_id": "2431345820180917",
            "video_url": "http://video.cdn.ypypay.com/lmFKX7Xf39bTuzPNVM7kOaEZSxyv",
            "video_width": "576",
            "video_height": "1024",
            "video_length": "1142313",
            "video_duration": "6",
            "video_md5": "2ceb5def6c8a431ef0dd731b8aaed183",
            "thumbnail_url": "http:\/\/imgsrc.baidu.com\/forum\/pic\/item\/9f3df8dcd100baa1ecbde5a14a10b912c8fc2e12.jpg",
            "thumbnail_width": "544",
            "thumbnail_height": "960",
            "first_frame_cover": "http:\/\/imgsrc.baidu.com\/forum\/pic\/item\/9f3df8dcd100baa1ecbde5a14a10b912c8fc2e12.jpg",
            "tags": "\u738b\u5a9b\u53ef,\u8bb0\u8005,\u91c7\u8bbf",
            "title": "\u539f\u6765\u7eaf\u5983\u738b\u5a9b\u53ef\u8fd9\u4e48\u6f02\u4eae",
            "is_deleted": "0",
            "is_private": "0",
            "share_num": "11",
            "comment_num": "4",
            "play_count": "35326",
            "agreed_num": "116",
            "agree_num": "116",
            "create_time": "1537233928",
            "watermark": {
                "video_url": "http:\/\/tb-video.bdstatic.com\/tieba-smallvideo-transcode\/1126526_ef448cbfebd7aa9a22d76e07c65b6bb1_0.mp4",
                "video_width": "576",
                "video_height": "1024",
                "video_length": "1126526"
            },
            "act_info": {
                "club_id": "107241",
                "club_name": "\u5927\u660e\u661f"
            },
            "club_info": {
                "club_id": "107241",
                "club_name": "\u5927\u660e\u661f"
            },
            "need_hide_title": "0",
            "is_agreed": "0",
            "other": {
                "forum_id": "0",
                "recom_source": "140043",
                "recom_weight": "0;0.4913;0;0",
                "recom_extra": "0.4913;0;0",
                "ab_tag": "normal"
            },
            "author": {
                "user_id": "3530149423",
                "user_name": "\u770b\u51fa\u6211\u7684\u7834\u7efd",
                "name_show": "\u770b\u51fa\u6211\u7684\u7834\u7efd",
                "portrait": "2fcee79c8be587bae68891e79a84e7a0b4e7bbbd69d2?t=1534753400",
                "is_follow": "0",
                "gender": "0",
                "intro": "\u7b7e\u540d\u662f\u4e00\u79cd\u6001\u5ea6 \u6211\u60f3\u6211\u53ef\u4ee5\u66f4\u9177",
                "follow_num": "0",
                "fans_num": "402"
            }
        }, {
            "thread_id": "5866411674",
            "post_id": "121809036433",
            "video_log_id": "2308392120180903",
            "video_url": "http://video.cdn.ypypay.com/lpc9LH0a3tAcC0WXgvXagATDJ9Hc",
            "video_width": "540",
            "video_height": "960",
            "video_length": "2858219",
            "video_duration": "10",
            "video_md5": "05beffad9a46707425a253509d460367",
            "thumbnail_url": "http:\/\/imgsrc.baidu.com\/forum\/pic\/item\/62d0f703918fa0ecb61934242b9759ee3d6ddb39.jpg",
            "thumbnail_width": "540",
            "thumbnail_height": "960",
            "first_frame_cover": "http:\/\/imgsrc.baidu.com\/forum\/pic\/item\/62d0f703918fa0ecb61934242b9759ee3d6ddb39.jpg",
            "tags": "\u751c\u70b9,\u86cb\u7cd5,\u4e2a\u4eba\u5f55\u5236",
            "title": "\u81ea\u5df1\u8bbe\u8ba1\u81ea\u5df1\u505a\u7684\u86cb\u7cd5",
            "is_deleted": "0",
            "is_private": "0",
            "share_num": "11",
            "comment_num": "27",
            "play_count": "246579",
            "agreed_num": "704",
            "agree_num": "704",
            "create_time": "1535946534",
            "watermark": {
                "video_url": "http:\/\/tb-video.bdstatic.com\/tieba-smallvideo-transcode\/2859143_a76d678c4422c5f6a78fedf54cc10793_0.mp4",
                "video_width": "540",
                "video_height": "960",
                "video_length": "2859143"
            },
            "need_hide_title": "0",
            "is_agreed": "0",
            "other": {
                "forum_id": "0",
                "recom_source": "140021",
                "recom_weight": "0;0.4888;0;0",
                "recom_extra": "0.4888;0;0",
                "ab_tag": "normal"
            },
            "author": {
                "user_id": "3544787530",
                "user_name": "\u751f\u6d3b\u5316\u641e\u7b11",
                "name_show": "\u7ecf\u5178\u7b11\u6599\r\n",
                "portrait": "http:\/\/imgsrc.baidu.com\/forum\/pic\/item\/277f9e2f07082838237e3bc1b499a9014d08f1f0.jpg",
                "is_follow": "0",
                "gender": "0",
                "intro": "\u7b7e\u540d\u662f\u4e00\u79cd\u6001\u5ea6 \u6211\u60f3\u6211\u53ef\u4ee5\u66f4\u9177",
                "follow_num": "0",
                "fans_num": "1411"
            }
        }]
    },
    "error_code": "0",
    "error_msg": "\u6210\u529f",
    "info": [],
    "server_time": "536640",
    "time": 1545361167,
    "ctime": 0,
    "logid": 3567098176
}
