{
    "data": {
        "has_more": "1",
        "video_list": [{
            "thread_id": "5887160475",
            "post_id": "122075415351",
            "video_log_id": "2448517320180917",
            "video_url": "http:\/\/tb-video.bdstatic.com\/tieba-smallvideo-transcode\/10_cad41a42f05464a36d6243bc5f0c429f_1.mp4",
            "video_width": "720",
            "video_height": "1280",
            "video_length": "2759594",
            "video_duration": "10",
            "video_md5": "cad41a42f05464a36d6243bc5f0c429f",
            "thumbnail_url": "http:\/\/imgsrc.baidu.com\/forum\/pic\/item\/8a13632762d0f7034885e8c105fa513d2697c5fc.jpg",
            "thumbnail_width": "720",
            "thumbnail_height": "1280",
            "first_frame_cover": "http:\/\/imgsrc.baidu.com\/forum\/pic\/item\/8a13632762d0f7034885e8c105fa513d2697c5fc.jpg",
            "tags": "\u4e5d\u5bab\u683c\u706b\u9505,\u725b\u8089,\u867e",
            "title": "\u91cd\u5e86\u4eba\u90fd\u662f\u8fd9\u4e48\u5403\u9ebb\u8fa3\u725b\u8089",
            "is_deleted": "0",
            "is_private": "0",
            "share_num": "106",
            "comment_num": "154",
            "play_count": "426572",
            "agreed_num": "1479",
            "agree_num": "1479",
            "create_time": "1537414052",
            "watermark": {
                "video_url": "http:\/\/tb-video.bdstatic.com\/tieba-smallvideo-transcode\/2760655_0df3c808b57e9a7571d5defecc822949_0.mp4",
                "video_width": "720",
                "video_height": "1280",
                "video_length": "2760655"
            },
            "need_hide_title": "0",
            "is_agreed": "0",
            "other": {
                "forum_id": "0",
                "recom_source": "140040",
                "recom_weight": "0;0.5572;0;0",
                "recom_extra": "0.5572;0;0",
                "ab_tag": "normal"
            },
            "author": {
                "user_id": "3597450949",
                "user_name": "\u4e00\u5206\u949f\u7b11\u6389\u5927\u7259",
                "name_show": "\u4e00\u5206\u949f\u7b11\u6389\u5927\u7259",
                "portrait": "c5bee4b880e58886e9929fe7ac91e68e89e5a4a7e789996cd6?t=1533636963",
                "is_follow": "0",
                "gender": "0",
                "intro": "\u7b7e\u540d\u662f\u4e00\u79cd\u6001\u5ea6 \u6211\u60f3\u6211\u53ef\u4ee5\u66f4\u9177",
                "follow_num": "0",
                "fans_num": "2153"
            }
        }, {
            "thread_id": "5887032706",
            "post_id": "122073911536",
            "video_log_id": "2447458520180917",
            "video_url": "http:\/\/tb-video.bdstatic.com\/tieba-smallvideo-transcode\/6_5841c3e85222d46f2004caae3de0a862_1.mp4",
            "video_width": "540",
            "video_height": "960",
            "video_length": "1686083",
            "video_duration": "6",
            "video_md5": "5841c3e85222d46f2004caae3de0a862",
            "thumbnail_url": "http:\/\/imgsrc.baidu.com\/forum\/pic\/item\/fd1f4134970a304e5b8cb9e7dcc8a786c9175c04.jpg",
            "thumbnail_width": "540",
            "thumbnail_height": "960",
            "first_frame_cover": "http:\/\/imgsrc.baidu.com\/forum\/pic\/item\/fd1f4134970a304e5b8cb9e7dcc8a786c9175c04.jpg",
            "tags": "\u7ea2\u70e7\u8783\u87f9,\u4e2d\u9910,\u5ba4\u5185\u7f8e\u98df",
            "title": "\u5403\u5403\u5403\u54c8\u54c8\u54c8",
            "is_deleted": "0",
            "is_private": "0",
            "share_num": "60",
            "comment_num": "39",
            "play_count": "277666",
            "agreed_num": "681",
            "agree_num": "681",
            "create_time": "1537408077",
            "watermark": {
                "video_url": "http:\/\/tb-video.bdstatic.com\/tieba-smallvideo-transcode\/1684986_2dc11d2f6f62c1a9c19aa9137c08c90e_0.mp4",
                "video_width": "540",
                "video_height": "960",
                "video_length": "1684986"
            },
            "need_hide_title": "0",
            "is_agreed": "0",
            "other": {
                "forum_id": "0",
                "recom_source": "140040",
                "recom_weight": "0;0.5403;0;0",
                "recom_extra": "0.5403;0;0",
                "ab_tag": "normal"
            },
            "author": {
                "user_id": "3544789886",
                "user_name": "\u641e\u7b11\u5927\u4e16\u754c",
                "name_show": "\u6b22\u4e50\u5927\u4e16\u754c",
                "portrait": "http:\/\/imgsrc.baidu.com\/forum\/pic\/item\/39dbb6fd5266d016fb154bfd9b2bd40734fa35d3.jpg",
                "is_follow": "0",
                "gender": "0",
                "intro": "\u7b7e\u540d\u662f\u4e00\u79cd\u6001\u5ea6 \u6211\u60f3\u6211\u53ef\u4ee5\u66f4\u9177",
                "follow_num": "0",
                "fans_num": "2016"
            }
        }, {
            "thread_id": "5889689404",
            "post_id": "122109300805",
            "video_log_id": "2463680520180917",
            "video_url": "http:\/\/tb-video.bdstatic.com\/tieba-smallvideo-transcode\/9_43d742c6bd3f67b679028716fca5f8bf_1.mp4",
            "video_width": "540",
            "video_height": "960",
            "video_length": "2433747",
            "video_duration": "9",
            "video_md5": "43d742c6bd3f67b679028716fca5f8bf",
            "thumbnail_url": "http:\/\/imgsrc.baidu.com\/forum\/pic\/item\/2e738bd4b31c8701919550f92a7f9e2f0708ff8a.jpg",
            "thumbnail_width": "540",
            "thumbnail_height": "960",
            "first_frame_cover": "http:\/\/imgsrc.baidu.com\/forum\/pic\/item\/2e738bd4b31c8701919550f92a7f9e2f0708ff8a.jpg",
            "tags": "\u7838\u91d1\u86cb,\u513f\u7ae5\u7535\u73a9\u57ce,\u751f\u6d3b\u8da3\u4e8b",
            "title": "\u6211\u662f\u4e0d\u662f\u4e2d\u5956\u4e86\u554a\u597d\u5f00\u5fc3",
            "is_deleted": "0",
            "is_private": "0",
            "share_num": "17",
            "comment_num": "16",
            "play_count": "89861",
            "agreed_num": "267",
            "agree_num": "267",
            "create_time": "1537593467",
            "watermark": {
                "video_url": "http:\/\/tb-video.bdstatic.com\/tieba-smallvideo-transcode\/2428859_805bc520257498bb9a18b40c326b7140_0.mp4",
                "video_width": "540",
                "video_height": "960",
                "video_length": "2428859"
            },
            "need_hide_title": "0",
            "is_agreed": "0",
            "other": {
                "forum_id": "0",
                "recom_source": "140044",
                "recom_weight": "0;0.5279;0;0",
                "recom_extra": "0.5279;0;0",
                "ab_tag": "normal"
            },
            "author": {
                "user_id": "3597492806",
                "user_name": "\u7ecf\u5178\u7206\u7b11\u6bb5\u5b50",
                "name_show": "\u7ecf\u5178\u7206\u7b11\u6bb5\u5b50",
                "portrait": "4662e7bb8fe585b8e78886e7ac91e6aeb5e5ad906dd6?t=1533640064",
                "is_follow": "0",
                "gender": "0",
                "intro": "\u7b7e\u540d\u662f\u4e00\u79cd\u6001\u5ea6 \u6211\u60f3\u6211\u53ef\u4ee5\u66f4\u9177",
                "follow_num": "0",
                "fans_num": "1448"
            }
        }, {
            "thread_id": "5886191390",
            "post_id": "122062825297",
            "video_log_id": "2443161920180917",
            "video_url": "http:\/\/tb-video.bdstatic.com\/tieba-smallvideo-transcode\/8_29e78b3a22a1de7af66ea61edc5b5432_1.mp4",
            "video_width": "576",
            "video_height": "1024",
            "video_length": "2520403",
            "video_duration": "8",
            "video_md5": "29e78b3a22a1de7af66ea61edc5b5432",
            "thumbnail_url": "http:\/\/imgsrc.baidu.com\/forum\/pic\/item\/36d3d539b6003af3c6debd7c382ac65c1038b642.jpg",
            "thumbnail_width": "576",
            "thumbnail_height": "1024",
            "first_frame_cover": "http:\/\/imgsrc.baidu.com\/forum\/pic\/item\/36d3d539b6003af3c6debd7c382ac65c1038b642.jpg",
            "tags": "\u5927\u5b66\u751f,\u641e\u7b11,\u5bbf\u820d\u8da3\u4e8b",
            "title": "\u5bbf\u820d\u552f\u4e00\u8c6a\u534e\u5355\u4eba\u5e8a\u7684\u5f85\u9047",
            "is_deleted": "0",
            "is_private": "0",
            "share_num": "50",
            "comment_num": "348",
            "play_count": "250982",
            "agreed_num": "14639",
            "agree_num": "14639",
            "create_time": "1537343604",
            "watermark": {
                "video_url": "http:\/\/tb-video.bdstatic.com\/tieba-smallvideo-transcode\/2519223_2fd4677e8d51bd13454e6959d3b25021_0.mp4",
                "video_width": "576",
                "video_height": "1024",
                "video_length": "2519223"
            },
            "need_hide_title": "0",
            "is_agreed": "0",
            "other": {
                "forum_id": "0",
                "recom_source": "140040",
                "recom_weight": "0;0.5121;0;0",
                "recom_extra": "0.5121;0;0",
                "ab_tag": "normal"
            },
            "author": {
                "user_id": "3597483739",
                "user_name": "\u7b11\u4e2a\u4e0d\u505c\u7cfb\u5217",
                "name_show": "\u7b11\u4e2a\u4e0d\u505c\u7cfb\u5217",
                "portrait": "db3ee7ac91e4b8aae4b88de5819ce7b3bbe588976dd6?t=1533641229",
                "is_follow": "0",
                "gender": "0",
                "intro": "\u7b7e\u540d\u662f\u4e00\u79cd\u6001\u5ea6 \u6211\u60f3\u6211\u53ef\u4ee5\u66f4\u9177",
                "follow_num": "0",
                "fans_num": "2642"
            }
        },{
            "thread_id": "5915028742",
            "post_id": "122442941630",
            "video_log_id": "2666522720181015",
            "video_url": "http:\/\/tb-video.bdstatic.com\/tieba-smallvideo-transcode\/3179605_42844bd66a0176d62614ad325d2b1633_1.mp4",
            "video_width": "540",
            "video_height": "960",
            "video_length": "3179605",
            "video_duration": "10",
            "video_md5": "57eab99ec8551350ff082cddfd413e26",
            "thumbnail_url": "http:\/\/imgsrc.baidu.com\/forum\/pic\/item\/8bd4b31c8701a18bbe95e833932f07082838fe54.jpg",
            "thumbnail_width": "540.000000",
            "thumbnail_height": "960.000000",
            "first_frame_cover": "http:\/\/imgsrc.baidu.com\/forum\/pic\/item\/8bd4b31c8701a18bbe95e833932f07082838fe54.jpg",
            "tags": "\u641e\u7b11,\u751f\u6d3b\u8da3\u4e8b,\u5973\u53cb",
            "title": "\u597d\u96be\u8fc7\u54e6,\u53ea\u6709\u4e00\u6761\u72d7\u966a\u6211\u7761",
            "is_deleted": "0",
            "is_private": "0",
            "share_num": "30",
            "comment_num": "19",
            "play_count": "91656",
            "agreed_num": "412",
            "agree_num": "412",
            "create_time": "1539611151",
            "gif_cover": "http:\/\/imgsrc.baidu.com\/forum\/pic\/item\/d9f9d72a6059252da26ee778399b033b5bb5b955.jpg",
            "watermark": {
                "video_url": "http:\/\/tb-video.bdstatic.com\/tieba-smallvideo-transcode\/3177203_bff7460b601fdb8b92939d030f4ffd4a_0.mp4",
                "video_width": "540",
                "video_height": "960",
                "video_length": "3177203"
            },
            "act_info": {
                "club_id": "102191",
                "club_name": "\u641e\u7b11\u754c"
            },
            "club_info": {
                "club_id": "102191",
                "club_name": "\u641e\u7b11\u754c"
            },
            "need_hide_title": "0",
            "is_agreed": "0",
            "other": {
                "forum_id": "0",
                "recom_source": "140043",
                "recom_weight": "0;0.5109;0;0",
                "recom_extra": "0.5109;0;0",
                "ab_tag": "normal"
            },
            "author": {
                "user_id": "3691493973",
                "user_name": "\u9752\u5c71\u5c0f\u5b66\u625b\u628a\u5b50",
                "name_show": "\u9752\u5c71\u5c0f\u5b66\u625b\u628a\u5b50",
                "portrait": "55bae99d92e5b1b1e5b08fe5ada6e6899be68a8ae5ad9007dc?t=1534830457",
                "is_follow": "0",
                "gender": "0",
                "intro": "\u7b7e\u540d\u662f\u4e00\u79cd\u6001\u5ea6 \u6211\u60f3\u6211\u53ef\u4ee5\u66f4\u9177",
                "follow_num": "0",
                "fans_num": "958"
            }
        },{
            "thread_id": "5916574562",
            "post_id": "122462594727",
            "video_log_id": "2677156020181015",
            "video_url": "http:\/\/tb-video.bdstatic.com\/tieba-smallvideo-transcode\/10_b9a8597633784a2bac641e27a85d1cf7_1.mp4",
            "video_width": "540",
            "video_height": "960",
            "video_length": "4214533",
            "video_duration": "10",
            "video_md5": "b9a8597633784a2bac641e27a85d1cf7",
            "thumbnail_url": "http:\/\/imgsrc.baidu.com\/forum\/pic\/item\/34a85edf8db1cb130ece456dd054564e92584b2c.jpg",
            "thumbnail_width": "540.000000",
            "thumbnail_height": "960.000000",
            "first_frame_cover": "http:\/\/imgsrc.baidu.com\/forum\/pic\/item\/34a85edf8db1cb130ece456dd054564e92584b2c.jpg",
            "tags": "\u5ba4\u5185\u7f8e\u98df,\u5236\u4f5c\u8fc7\u7a0b,\u4e2d\u9910",
            "title": "\u5168\u7f51\u77e5\u9053\u8fd9\u4e2a\u4e1c\u897f\u7684\u4eba\u4e0d\u591a",
            "is_deleted": "0",
            "is_private": "0",
            "share_num": "34",
            "comment_num": "53",
            "play_count": "110096",
            "agreed_num": "472",
            "agree_num": "472",
            "create_time": "1539743011",
            "gif_cover": "http:\/\/imgsrc.baidu.com\/forum\/pic\/item\/c9ea15ce36d3d539b49b76bd3787e950352ab02d.jpg",
            "watermark": {
                "video_url": "http:\/\/tb-video.bdstatic.com\/tieba-smallvideo-transcode\/4215481_c3a80aa3d695e710f18f728d66d1a950_0.mp4",
                "video_width": "540",
                "video_height": "960",
                "video_length": "4215481"
            },
            "act_info": {
                "club_id": "102191",
                "club_name": "\u641e\u7b11\u754c"
            },
            "club_info": {
                "club_id": "102191",
                "club_name": "\u641e\u7b11\u754c"
            },
            "need_hide_title": "0",
            "is_agreed": "0",
            "other": {
                "forum_id": "0",
                "recom_source": "140040",
                "recom_weight": "0;0.509;0;0",
                "recom_extra": "0.509;0;0",
                "ab_tag": "normal"
            },
            "author": {
                "user_id": "3683531988",
                "user_name": "\u88ab\u72d7\u8ffd\u8fc7\u7684\u6211",
                "name_show": "\u88ab\u72d7\u8ffd\u8fc7\u7684\u6211",
                "portrait": "d43ce8a2abe78b97e8bfbde8bf87e79a84e688918edb?t=1534756643",
                "is_follow": "0",
                "gender": "0",
                "intro": "\u7b7e\u540d\u662f\u4e00\u79cd\u6001\u5ea6 \u6211\u60f3\u6211\u53ef\u4ee5\u66f4\u9177",
                "follow_num": "0",
                "fans_num": "512"
            }
        }, {
            "thread_id": "5883734496",
            "post_id": "122030577503",
            "video_log_id": "2427312320180917",
            "video_url": "http:\/\/tb-video.bdstatic.com\/tieba-smallvideo-transcode\/10_45d3d433c0540a8a51cb9b5c65a94f40_1.mp4",
            "video_width": "720",
            "video_height": "1264",
            "video_length": "2578424",
            "video_duration": "10",
            "video_md5": "45d3d433c0540a8a51cb9b5c65a94f40",
            "thumbnail_url": "http:\/\/imgsrc.baidu.com\/forum\/pic\/item\/c9ea15ce36d3d5393fd1ffda3787e950352ab03f.jpg",
            "thumbnail_width": "720",
            "thumbnail_height": "1264",
            "first_frame_cover": "http:\/\/imgsrc.baidu.com\/forum\/pic\/item\/c9ea15ce36d3d5393fd1ffda3787e950352ab03f.jpg",
            "tags": "\u641e\u7b11\u7537\u5973,\u641e\u7b11\u8da3\u5473,\u5e7d\u9ed8\u98ce\u8da3",
            "title": "\u518d\u53d1\u4e00\u6b21\u4f1a\u706b\u770b\u4e86\u5fcd\u4e0d\u4f4f\u7b11\u54c8\u54c8\u54c8",
            "is_deleted": "0",
            "is_private": "0",
            "share_num": "22",
            "comment_num": "19",
            "play_count": "251925",
            "agreed_num": "652",
            "agree_num": "652",
            "create_time": "1537173921",
            "watermark": {
                "video_url": "http:\/\/tb-video.bdstatic.com\/tieba-smallvideo-transcode\/2571853_cfc85d7a69b373a5e2bf40d117aeb1be_0.mp4",
                "video_width": "720",
                "video_height": "1264",
                "video_length": "2571853"
            },
            "need_hide_title": "0",
            "is_agreed": "0",
            "other": {
                "forum_id": "0",
                "recom_source": "140043",
                "recom_weight": "0;0.5044;0;0",
                "recom_extra": "0.5044;0;0",
                "ab_tag": "normal"
            },
            "author": {
                "user_id": "3544800487",
                "user_name": "\u641e\u7b11\u7684\u4e8c\u72d7\u65e5\u5e38",
                "name_show": "\u641e\u7b11\u7684\u4e8c\u72d7\u65e5\u5e38",
                "portrait": "http:\/\/imgsrc.baidu.com\/forum\/pic\/item\/82025aafa40f4bfbe9b47e810f4f78f0f63618fa.jpg",
                "is_follow": "0",
                "gender": "0",
                "intro": "\u7b7e\u540d\u662f\u4e00\u79cd\u6001\u5ea6 \u6211\u60f3\u6211\u53ef\u4ee5\u66f4\u9177",
                "follow_num": "0",
                "fans_num": "1222"
            }
        }, {
            "thread_id": "5928399113",
            "post_id": "122604383201",
            "video_log_id": "2794122520181022",
            "video_url": "http:\/\/tb-video.bdstatic.com\/tieba-smallvideo-transcode\/3162484_84fbe2d39e49acd5e788c243d572df0b_1.mp4",
            "video_width": "540",
            "video_height": "960",
            "video_length": "3162484",
            "video_duration": "9",
            "video_md5": "e6bceca01882a4ef9c7bfcceb5f6b62f",
            "thumbnail_url": "http:\/\/imgsrc.baidu.com\/forum\/pic\/item\/e0fe9925bc315c60386edd8780b1cb13485477da.jpg",
            "thumbnail_width": "540.000000",
            "thumbnail_height": "960.000000",
            "first_frame_cover": "http:\/\/imgsrc.baidu.com\/forum\/pic\/item\/e0fe9925bc315c60386edd8780b1cb13485477da.jpg",
            "tags": "\u641e\u7b11",
            "title": "\u628a\u8def\u4eba\u90fd\u5413\u4e00\u8df3\u4e86",
            "is_deleted": "0",
            "is_private": "0",
            "share_num": "43",
            "comment_num": "22",
            "play_count": "126969",
            "agreed_num": "435",
            "agree_num": "435",
            "create_time": "1540627684",
            "gif_cover": "http:\/\/imgsrc.baidu.com\/forum\/pic\/item\/bc3eb13533fa828b87d92b8bf01f4134960a5adb.jpg",
            "watermark": {
                "video_url": "http:\/\/tb-video.bdstatic.com\/tieba-smallvideo-transcode\/3151124_9158cd3f6b3f37e9092043c6ebdd9574_0.mp4",
                "video_width": "540",
                "video_height": "960",
                "video_length": "3151124"
            },
            "act_info": {
                "club_id": "109148",
                "club_name": "\u4e5d\u54c1\u829d\u9ebb\u6bb5\u5b50\u624b"
            },
            "club_info": {
                "club_id": "109148",
                "club_name": "\u4e5d\u54c1\u829d\u9ebb\u6bb5\u5b50\u624b"
            },
            "need_hide_title": "0",
            "is_agreed": "0",
            "other": {
                "forum_id": "0",
                "recom_source": "140040",
                "recom_weight": "0;0.5024;0;0",
                "recom_extra": "0.5024;0;0",
                "ab_tag": "normal"
            },
            "author": {
                "user_id": "3683521148",
                "user_name": "\u4e8c\u8d27\u4e2d\u7684\u4f7c\u4f7c\u8005",
                "name_show": "\u4e8c\u8d27\u4e2d\u7684\u4f7c\u4f7c\u8005",
                "portrait": "7c12e4ba8ce8b4a7e4b8ade79a84e4bdbce4bdbce880858edb?t=1534743890",
                "is_follow": "0",
                "gender": "0",
                "intro": "\u7b7e\u540d\u662f\u4e00\u79cd\u6001\u5ea6 \u6211\u60f3\u6211\u53ef\u4ee5\u66f4\u9177",
                "follow_num": "0",
                "fans_num": "759"
            }
        }]
    },
    "error_code": "0",
    "error_msg": "\u6210\u529f",
    "info": [],
    "server_time": "560073",
    "time": 1545361118,
    "ctime": 0,
    "logid": 3517766068
}
